{"train loss": 0.5335697531700134, "lr": 0.000288, "epoch": 1, "_timestamp": 1698130979.4758558, "_runtime": 1579.616052865982, "_step": 18}