{"train loss": 0.9142330288887024, "lr": 0.000288, "epoch": 1, "_timestamp": 1698131376.1446297, "_runtime": 161.74906277656555, "_step": 6}