{"train loss": 0.6262843012809753, "lr": 0.000288, "epoch": 1, "_timestamp": 1698131348.063092, "_runtime": 133.6675250530243, "_step": 5}